Robot Number,Anywhere => Ground,Anywhere => Top Red Portal,Anywhere => Red Vault,Anywhere => Bottom Red Portal,Anywhere => Red Pickup Location,Anywhere => Top Red Switch,Anywhere => Bottom Red Switch,Anywhere => Top Scale,Anywhere => Bottom Scale,Anywhere => Top Blue Switch,Anywhere => Bottom Blue Switch,Anywhere => Blue Pickup Location,Anywhere => Top Blue Portal,Anywhere => Blue Vault,Anywhere => Bottom Blue Portal,Ground => Ground,Ground => Top Red Portal,Ground => Red Vault,Ground => Bottom Red Portal,Ground => Red Pickup Location,Ground => Top Red Switch,Ground => Bottom Red Switch,Ground => Top Scale,Ground => Bottom Scale,Ground => Top Blue Switch,Ground => Bottom Blue Switch,Ground => Blue Pickup Location,Ground => Top Blue Portal,Ground => Blue Vault,Ground => Bottom Blue Portal,Top Red Portal => Ground,Top Red Portal => Top Red Portal,Top Red Portal => Red Vault,Top Red Portal => Bottom Red Portal,Top Red Portal => Red Pickup Location,Top Red Portal => Top Red Switch,Top Red Portal => Bottom Red Switch,Top Red Portal => Top Scale,Top Red Portal => Bottom Scale,Top Red Portal => Top Blue Switch,Top Red Portal => Bottom Blue Switch,Top Red Portal => Blue Pickup Location,Top Red Portal => Top Blue Portal,Top Red Portal => Blue Vault,Top Red Portal => Bottom Blue Portal,Red Vault => Ground,Red Vault => Top Red Portal,Red Vault => Red Vault,Red Vault => Bottom Red Portal,Red Vault => Red Pickup Location,Red Vault => Top Red Switch,Red Vault => Bottom Red Switch,Red Vault => Top Scale,Red Vault => Bottom Scale,Red Vault => Top Blue Switch,Red Vault => Bottom Blue Switch,Red Vault => Blue Pickup Location,Red Vault => Top Blue Portal,Red Vault => Blue Vault,Red Vault => Bottom Blue Portal,Bottom Red Portal => Ground,Bottom Red Portal => Top Red Portal,Bottom Red Portal => Red Vault,Bottom Red Portal => Bottom Red Portal,Bottom Red Portal => Red Pickup Location,Bottom Red Portal => Top Red Switch,Bottom Red Portal => Bottom Red Switch,Bottom Red Portal => Top Scale,Bottom Red Portal => Bottom Scale,Bottom Red Portal => Top Blue Switch,Bottom Red Portal => Bottom Blue Switch,Bottom Red Portal => Blue Pickup Location,Bottom Red Portal => Top Blue Portal,Bottom Red Portal => Blue Vault,Bottom Red Portal => Bottom Blue Portal,Red Pickup Location => Ground,Red Pickup Location => Top Red Portal,Red Pickup Location => Red Vault,Red Pickup Location => Bottom Red Portal,Red Pickup Location => Red Pickup Location,Red Pickup Location => Top Red Switch,Red Pickup Location => Bottom Red Switch,Red Pickup Location => Top Scale,Red Pickup Location => Bottom Scale,Red Pickup Location => Top Blue Switch,Red Pickup Location => Bottom Blue Switch,Red Pickup Location => Blue Pickup Location,Red Pickup Location => Top Blue Portal,Red Pickup Location => Blue Vault,Red Pickup Location => Bottom Blue Portal,Top Red Switch => Ground,Top Red Switch => Top Red Portal,Top Red Switch => Red Vault,Top Red Switch => Bottom Red Portal,Top Red Switch => Red Pickup Location,Top Red Switch => Top Red Switch,Top Red Switch => Bottom Red Switch,Top Red Switch => Top Scale,Top Red Switch => Bottom Scale,Top Red Switch => Top Blue Switch,Top Red Switch => Bottom Blue Switch,Top Red Switch => Blue Pickup Location,Top Red Switch => Top Blue Portal,Top Red Switch => Blue Vault,Top Red Switch => Bottom Blue Portal,Bottom Red Switch => Ground,Bottom Red Switch => Top Red Portal,Bottom Red Switch => Red Vault,Bottom Red Switch => Bottom Red Portal,Bottom Red Switch => Red Pickup Location,Bottom Red Switch => Top Red Switch,Bottom Red Switch => Bottom Red Switch,Bottom Red Switch => Top Scale,Bottom Red Switch => Bottom Scale,Bottom Red Switch => Top Blue Switch,Bottom Red Switch => Bottom Blue Switch,Bottom Red Switch => Blue Pickup Location,Bottom Red Switch => Top Blue Portal,Bottom Red Switch => Blue Vault,Bottom Red Switch => Bottom Blue Portal,Top Scale => Ground,Top Scale => Top Red Portal,Top Scale => Red Vault,Top Scale => Bottom Red Portal,Top Scale => Red Pickup Location,Top Scale => Top Red Switch,Top Scale => Bottom Red Switch,Top Scale => Top Scale,Top Scale => Bottom Scale,Top Scale => Top Blue Switch,Top Scale => Bottom Blue Switch,Top Scale => Blue Pickup Location,Top Scale => Top Blue Portal,Top Scale => Blue Vault,Top Scale => Bottom Blue Portal,Bottom Scale => Ground,Bottom Scale => Top Red Portal,Bottom Scale => Red Vault,Bottom Scale => Bottom Red Portal,Bottom Scale => Red Pickup Location,Bottom Scale => Top Red Switch,Bottom Scale => Bottom Red Switch,Bottom Scale => Top Scale,Bottom Scale => Bottom Scale,Bottom Scale => Top Blue Switch,Bottom Scale => Bottom Blue Switch,Bottom Scale => Blue Pickup Location,Bottom Scale => Top Blue Portal,Bottom Scale => Blue Vault,Bottom Scale => Bottom Blue Portal,Top Blue Switch => Ground,Top Blue Switch => Top Red Portal,Top Blue Switch => Red Vault,Top Blue Switch => Bottom Red Portal,Top Blue Switch => Red Pickup Location,Top Blue Switch => Top Red Switch,Top Blue Switch => Bottom Red Switch,Top Blue Switch => Top Scale,Top Blue Switch => Bottom Scale,Top Blue Switch => Top Blue Switch,Top Blue Switch => Bottom Blue Switch,Top Blue Switch => Blue Pickup Location,Top Blue Switch => Top Blue Portal,Top Blue Switch => Blue Vault,Top Blue Switch => Bottom Blue Portal,Bottom Blue Switch => Ground,Bottom Blue Switch => Top Red Portal,Bottom Blue Switch => Red Vault,Bottom Blue Switch => Bottom Red Portal,Bottom Blue Switch => Red Pickup Location,Bottom Blue Switch => Top Red Switch,Bottom Blue Switch => Bottom Red Switch,Bottom Blue Switch => Top Scale,Bottom Blue Switch => Bottom Scale,Bottom Blue Switch => Top Blue Switch,Bottom Blue Switch => Bottom Blue Switch,Bottom Blue Switch => Blue Pickup Location,Bottom Blue Switch => Top Blue Portal,Bottom Blue Switch => Blue Vault,Bottom Blue Switch => Bottom Blue Portal,Blue Pickup Location => Ground,Blue Pickup Location => Top Red Portal,Blue Pickup Location => Red Vault,Blue Pickup Location => Bottom Red Portal,Blue Pickup Location => Red Pickup Location,Blue Pickup Location => Top Red Switch,Blue Pickup Location => Bottom Red Switch,Blue Pickup Location => Top Scale,Blue Pickup Location => Bottom Scale,Blue Pickup Location => Top Blue Switch,Blue Pickup Location => Bottom Blue Switch,Blue Pickup Location => Blue Pickup Location,Blue Pickup Location => Top Blue Portal,Blue Pickup Location => Blue Vault,Blue Pickup Location => Bottom Blue Portal,Top Blue Portal => Ground,Top Blue Portal => Top Red Portal,Top Blue Portal => Red Vault,Top Blue Portal => Bottom Red Portal,Top Blue Portal => Red Pickup Location,Top Blue Portal => Top Red Switch,Top Blue Portal => Bottom Red Switch,Top Blue Portal => Top Scale,Top Blue Portal => Bottom Scale,Top Blue Portal => Top Blue Switch,Top Blue Portal => Bottom Blue Switch,Top Blue Portal => Blue Pickup Location,Top Blue Portal => Top Blue Portal,Top Blue Portal => Blue Vault,Top Blue Portal => Bottom Blue Portal,Blue Vault => Ground,Blue Vault => Top Red Portal,Blue Vault => Red Vault,Blue Vault => Bottom Red Portal,Blue Vault => Red Pickup Location,Blue Vault => Top Red Switch,Blue Vault => Bottom Red Switch,Blue Vault => Top Scale,Blue Vault => Bottom Scale,Blue Vault => Top Blue Switch,Blue Vault => Bottom Blue Switch,Blue Vault => Blue Pickup Location,Blue Vault => Top Blue Portal,Blue Vault => Blue Vault,Blue Vault => Bottom Blue Portal,Bottom Blue Portal => Ground,Bottom Blue Portal => Top Red Portal,Bottom Blue Portal => Red Vault,Bottom Blue Portal => Bottom Red Portal,Bottom Blue Portal => Red Pickup Location,Bottom Blue Portal => Top Red Switch,Bottom Blue Portal => Bottom Red Switch,Bottom Blue Portal => Top Scale,Bottom Blue Portal => Bottom Scale,Bottom Blue Portal => Top Blue Switch,Bottom Blue Portal => Bottom Blue Switch,Bottom Blue Portal => Blue Pickup Location,Bottom Blue Portal => Top Blue Portal,Bottom Blue Portal => Blue Vault,Bottom Blue Portal => Bottom Blue Portal,
1246,17.427832,11.8289995,3.767111,NaN,12.232221,NaN,11.119249,28.612,6.739,NaN,NaN,NaN,NaN,NaN,NaN,1.744,0.0,1.658,0.0,0.0,0.0,0.0,28.612,5.7225,0.0,0.0,0.0,0.0,0.0,0.0,0.0,0.0,2.336,0.0,0.0,0.0,4.494,0.0,0.0,0.0,0.0,0.0,0.0,0.0,0.0,15.184,6.467,0.0,0.0,11.819874,0.0,0.0,0.0,0.0,0.0,0.0,0.0,0.0,0.0,0.0,0.0,0.0,0.0,0.0,0.0,0.0,0.0,0.0,0.0,0.0,0.0,0.0,0.0,0.0,0.0,0.0,10.939,4.5956664,0.0,0.0,0.0,20.449,0.0,0.0,0.0,0.0,0.0,0.0,0.0,0.0,67.976,0.0,0.0,0.0,0.0,0.0,0.0,0.0,0.0,0.0,0.0,0.0,0.0,0.0,0.0,0.0,14.955,0.0,0.0,15.531,0.0,6.927,0.0,0.0,0.0,0.0,0.0,0.0,0.0,0.0,8.893,0.0,0.0,0.0,0.0,0.0,0.0,0.0,0.0,0.0,0.0,0.0,0.0,0.0,0.0,1.877,0.0,0.0,0.0,0.0,0.0,12.607,0.0,8.772,0.0,0.0,0.0,0.0,0.0,0.0,0.0,0.0,0.0,0.0,0.0,0.0,0.0,0.0,0.0,0.0,0.0,0.0,0.0,0.0,0.0,0.0,0.0,0.0,0.0,0.0,0.0,0.0,0.0,0.0,0.0,0.0,0.0,0.0,0.0,0.0,0.0,0.0,0.0,0.0,0.0,0.0,0.0,0.0,0.0,0.0,0.0,0.0,0.0,0.0,0.0,0.0,0.0,0.0,0.0,0.0,0.0,0.0,0.0,0.0,0.0,0.0,0.0,0.0,0.0,0.0,0.0,0.0,0.0,0.0,0.0,0.0,0.0,0.0,0.0,0.0,0.0,0.0,0.0,0.0,0.0,0.0,0.0,0.0,0.0,0.0,0.0,0.0,0.0,0.0,0.0,0.0,0.0,0.0,0.0,0.0,
1285,7.860445,10.4156685,7.754364,NaN,10.468417,3.5253997,NaN,5.9234166,6.0150003,4.4614997,7.0055,NaN,NaN,NaN,NaN,10.7225,0.0,11.8575,0.0,0.0,0.0,0.0,7.0453334,0.0,0.0,0.0,0.0,0.0,0.0,0.0,0.0,0.0,11.916,0.0,11.777,4.836,0.0,0.0,6.0150003,4.4614997,3.849,0.0,0.0,0.0,0.0,0.0,0.0,0.0,0.0,8.443857,0.0,0.0,0.0,0.0,0.0,0.0,0.0,0.0,0.0,0.0,0.0,0.0,0.0,0.0,0.0,0.0,0.0,0.0,0.0,0.0,0.0,0.0,0.0,0.0,0.0,0.0,8.8725,6.208375,0.0,10.647,1.645,0.0,0.0,0.0,0.0,0.0,0.0,0.0,0.0,0.0,4.986,5.48,0.0,0.0,8.789,0.0,0.0,4.9866667,0.0,0.0,0.0,0.0,0.0,0.0,0.0,0.0,0.0,0.0,0.0,0.0,0.0,0.0,0.0,0.0,0.0,0.0,0.0,0.0,0.0,0.0,7.3855004,15.799,0.0,0.0,23.158,3.7153332,0.0,4.6163335,0.0,0.0,0.0,0.0,0.0,0.0,0.0,0.0,11.252667,0.0,0.0,12.143,0.0,0.0,0.0,0.0,0.0,0.0,0.0,0.0,0.0,0.0,0.0,10.4795,0.0,0.0,0.0,0.0,0.0,0.0,0.0,0.0,0.0,0.0,0.0,0.0,0.0,0.0,0.0,0.0,0.0,0.0,0.0,0.0,0.0,0.0,0.0,10.162,0.0,0.0,0.0,0.0,0.0,0.0,0.0,0.0,0.0,0.0,0.0,0.0,0.0,0.0,0.0,0.0,0.0,0.0,0.0,0.0,0.0,0.0,0.0,0.0,0.0,0.0,0.0,0.0,0.0,0.0,0.0,0.0,0.0,0.0,0.0,0.0,0.0,0.0,0.0,0.0,0.0,0.0,0.0,0.0,0.0,0.0,0.0,0.0,0.0,0.0,0.0,0.0,0.0,0.0,0.0,0.0,0.0,0.0,0.0,0.0,0.0,0.0,0.0,0.0,
2200,9.011355,8.566,7.2833567,NaN,6.9379377,4.6103334,5.4873333,5.8246922,5.8155003,NaN,NaN,NaN,NaN,NaN,NaN,14.6725,0.0,8.3359995,0.0,0.0,0.0,0.0,5.4631667,0.0,0.0,0.0,0.0,0.0,0.0,0.0,0.0,1.904,0.0,0.0,0.0,0.0,0.0,5.4950004,0.0,0.0,0.0,0.0,0.0,0.0,0.0,13.4755,0.0,3.506,0.0,6.3056,0.0,0.0,0.0,0.0,0.0,0.0,0.0,0.0,0.0,0.0,0.0,0.0,0.0,0.0,0.0,0.0,0.0,0.0,0.0,0.0,0.0,0.0,0.0,0.0,0.0,0.0,0.0,5.5515003,0.0,0.0,4.26975,0.0,7.949,18.49,0.0,0.0,0.0,0.0,0.0,0.0,0.0,19.601,0.0,0.0,4.4528,7.335,0.0,2.61,0.0,0.0,0.0,0.0,0.0,0.0,0.0,0.0,0.0,25.535,0.0,0.0,0.0,0.0,0.0,1.5906668,0.0,0.0,0.0,0.0,0.0,0.0,5.0647497,6.3795004,0.0,0.0,8.4306,0.0,0.0,0.0,0.0,0.0,0.0,0.0,0.0,0.0,0.0,0.0,0.0,0.0,0.0,15.062,0.0,5.4873333,0.0,0.0,0.0,0.0,0.0,0.0,0.0,0.0,0.0,0.0,0.0,0.0,0.0,0.0,0.0,0.0,0.0,0.0,0.0,0.0,0.0,0.0,0.0,0.0,0.0,0.0,0.0,0.0,0.0,0.0,0.0,0.0,0.0,0.0,0.0,0.0,0.0,0.0,0.0,0.0,0.0,0.0,0.0,0.0,0.0,0.0,0.0,0.0,0.0,0.0,0.0,0.0,0.0,0.0,0.0,0.0,0.0,0.0,0.0,0.0,0.0,0.0,0.0,0.0,0.0,0.0,0.0,0.0,0.0,0.0,0.0,0.0,0.0,0.0,0.0,0.0,0.0,0.0,0.0,0.0,0.0,0.0,0.0,0.0,0.0,0.0,0.0,0.0,0.0,0.0,0.0,0.0,0.0,0.0,0.0,0.0,0.0,0.0,
2609,7.341142,10.550082,3.6289413,NaN,6.311818,9.676727,5.73,NaN,NaN,4.9761,6.7865,NaN,11.741,NaN,28.315,0.0,0.0,3.2085998,0.0,0.0,0.0,0.0,0.0,0.0,0.0,4.8593335,0.0,0.0,0.0,0.0,0.0,31.913,0.0,0.0,0.0,2.0432,0.0,0.0,0.0,4.374,0.0,0.0,0.0,0.0,0.0,6.4712496,0.0,8.428,0.0,7.30775,12.56,0.0,0.0,0.0,0.0,21.5665,0.0,0.0,0.0,0.0,0.0,0.0,0.0,0.0,0.0,0.0,0.0,0.0,0.0,0.0,0.0,0.0,0.0,0.0,0.0,0.0,0.0,2.75275,0.0,0.0,14.051666,0.0,0.0,0.0,0.0,0.0,0.0,0.0,0.0,0.0,0.0,11.843801,3.6455,0.0,3.6560001,11.827,0.0,0.0,0.0,0.0,0.0,0.0,0.0,0.0,0.0,0.0,0.0,7.908,0.0,0.0,0.0,0.0,0.0,0.0,0.0,0.0,0.0,0.0,0.0,0.0,0.0,0.0,0.0,0.0,0.0,0.0,0.0,0.0,0.0,0.0,0.0,0.0,0.0,0.0,0.0,0.0,0.0,0.0,0.0,0.0,0.0,0.0,0.0,0.0,0.0,0.0,0.0,0.0,0.0,0.0,0.0,5.9115005,0.0,0.0,0.0,0.0,0.0,0.0,0.0,0.0,5.8815002,0.0,11.741,0.0,0.0,8.501,0.0,0.0,0.0,0.0,29.686,5.73,0.0,0.0,3.188,4.0534997,0.0,0.0,0.0,28.315,0.0,0.0,0.0,0.0,0.0,0.0,0.0,0.0,0.0,0.0,0.0,0.0,0.0,0.0,0.0,0.0,0.0,0.0,0.0,0.0,0.0,0.0,0.0,0.0,2.8995001,0.0,0.0,0.0,0.0,0.0,0.0,0.0,0.0,0.0,0.0,0.0,0.0,0.0,0.0,0.0,0.0,0.0,0.0,0.0,0.0,0.0,0.0,0.0,0.0,0.0,0.0,0.0,0.0,0.0,15.716,12.148,0.0,0.0,0.0,0.0,
2708,8.304075,14.2176,3.0886667,24.802,6.446,13.941,6.0144997,5.0268755,4.191625,4.9960003,NaN,NaN,15.9025,NaN,29.689,6.2408333,0.0,3.728,0.0,0.0,11.794666,0.0,5.2720003,3.5786,8.064,0.0,0.0,0.0,0.0,0.0,0.0,12.4025,2.582,0.0,0.0,0.0,0.0,3.72,0.0,1.928,0.0,0.0,0.0,0.0,0.0,0.0,0.0,0.0,0.0,6.446,0.0,0.0,0.0,0.0,0.0,0.0,0.0,0.0,0.0,0.0,0.0,0.0,0.0,0.0,0.0,0.0,0.0,0.0,1.771,0.0,0.0,0.0,0.0,0.0,0.0,0.0,0.0,2.956,0.0,0.0,0.0,0.0,0.0,0.0,0.0,0.0,0.0,0.0,0.0,0.0,11.132668,0.0,0.0,0.0,0.0,3.0203333,0.0,0.0,0.0,0.0,0.0,0.0,0.0,0.0,0.0,10.686,0.0,0.0,0.0,0.0,0.0,0.0,0.0,6.9344997,0.0,0.0,0.0,0.0,0.0,0.0,8.330181,15.896999,0.0,0.0,0.0,0.0,0.0,0.0,0.0,0.0,0.0,0.0,15.9025,0.0,0.0,8.29475,0.0,0.0,24.802,0.0,53.142,6.0144997,0.0,0.0,0.0,0.0,0.0,0.0,0.0,29.689,9.958,14.489,0.0,0.0,0.0,0.0,0.0,0.0,0.0,0.0,0.0,0.0,0.0,0.0,0.0,0.0,0.0,0.0,0.0,0.0,0.0,0.0,0.0,0.0,0.0,0.0,0.0,0.0,0.0,0.0,0.0,0.0,0.0,0.0,0.0,0.0,0.0,0.0,0.0,0.0,0.0,0.0,0.0,0.0,0.0,0.0,0.0,0.0,0.0,0.0,0.0,0.0,4.087,0.0,0.0,0.0,0.0,0.0,0.0,0.0,0.0,0.0,0.0,0.0,0.0,0.0,0.0,0.0,0.0,0.0,0.0,0.0,0.0,0.0,0.0,7.912,0.0,0.0,0.0,0.0,0.0,0.0,0.0,0.0,0.0,0.0,0.0,0.0,0.0,0.0,
2994,NaN,19.069666,11.825856,NaN,21.114801,9.274667,12.0735,5.8676667,NaN,NaN,NaN,NaN,NaN,NaN,NaN,0.0,0.0,0.0,0.0,0.0,0.0,0.0,0.0,0.0,0.0,0.0,0.0,0.0,0.0,0.0,0.0,19.525,4.1783333,0.0,0.0,10.5175,0.0,6.0355005,0.0,0.0,0.0,0.0,0.0,0.0,0.0,0.0,0.0,0.0,0.0,21.088,8.256,0.0,0.0,0.0,0.0,0.0,0.0,0.0,0.0,0.0,0.0,0.0,0.0,0.0,0.0,0.0,0.0,0.0,0.0,0.0,0.0,0.0,0.0,0.0,0.0,0.0,0.0,17.561499,0.0,6.147,3.189,0.0,0.0,0.0,0.0,0.0,0.0,0.0,0.0,0.0,0.0,6.612,0.0,0.0,36.163,15.514,12.0735,0.0,0.0,0.0,0.0,0.0,0.0,0.0,0.0,0.0,0.0,0.0,0.0,0.0,7.654,0.0,5.532,0.0,0.0,0.0,0.0,0.0,0.0,0.0,0.0,22.463333,0.0,0.0,0.0,0.0,0.0,0.0,0.0,0.0,0.0,0.0,0.0,0.0,0.0,0.0,0.0,0.0,0.0,0.0,0.0,0.0,0.0,0.0,0.0,0.0,0.0,0.0,0.0,0.0,0.0,0.0,0.0,0.0,0.0,0.0,0.0,0.0,0.0,0.0,0.0,0.0,0.0,0.0,0.0,0.0,0.0,0.0,0.0,0.0,0.0,0.0,0.0,0.0,0.0,0.0,0.0,0.0,0.0,0.0,0.0,0.0,0.0,0.0,0.0,0.0,0.0,0.0,0.0,0.0,0.0,0.0,0.0,0.0,0.0,0.0,0.0,0.0,0.0,0.0,0.0,0.0,0.0,0.0,0.0,0.0,0.0,0.0,0.0,0.0,0.0,0.0,0.0,0.0,0.0,0.0,0.0,0.0,0.0,0.0,0.0,0.0,0.0,0.0,0.0,0.0,0.0,0.0,0.0,0.0,0.0,0.0,0.0,0.0,0.0,0.0,0.0,0.0,0.0,0.0,
4015,-17.298666,29.349,16.286667,NaN,16.708889,NaN,13.035,20.9,19.349669,25.833,NaN,NaN,NaN,NaN,NaN,0.0,0.0,38.222,0.0,0.0,0.0,0.0,20.9,0.0,0.0,0.0,0.0,0.0,0.0,0.0,0.0,0.0,0.0,0.0,0.0,0.0,0.0,0.0,23.699501,25.833,0.0,0.0,0.0,0.0,0.0,0.0,0.0,0.0,0.0,14.23775,0.0,0.0,0.0,0.0,0.0,0.0,0.0,0.0,0.0,0.0,0.0,0.0,0.0,0.0,0.0,0.0,0.0,0.0,0.0,0.0,0.0,0.0,0.0,0.0,0.0,-82.251,0.0,6.67925,0.0,0.0,0.0,13.035,0.0,0.0,0.0,0.0,0.0,0.0,0.0,0.0,0.0,0.0,27.34,0.0,0.0,0.0,0.0,0.0,0.0,0.0,0.0,0.0,0.0,0.0,0.0,0.0,0.0,0.0,0.0,36.478,0.0,0.0,0.0,0.0,0.0,0.0,0.0,0.0,0.0,0.0,15.1775,0.0,0.0,0.0,0.0,0.0,0.0,0.0,0.0,0.0,0.0,0.0,0.0,0.0,0.0,0.0,29.349,0.0,0.0,0.0,0.0,0.0,0.0,10.65,0.0,0.0,0.0,0.0,0.0,0.0,0.0,0.0,0.0,0.0,0.0,0.0,0.0,0.0,0.0,0.0,0.0,0.0,0.0,0.0,0.0,0.0,0.0,0.0,0.0,0.0,0.0,0.0,0.0,0.0,0.0,0.0,0.0,0.0,0.0,0.0,0.0,0.0,0.0,0.0,0.0,0.0,0.0,0.0,0.0,0.0,0.0,0.0,0.0,0.0,0.0,0.0,0.0,0.0,0.0,0.0,0.0,0.0,0.0,0.0,0.0,0.0,0.0,0.0,0.0,0.0,0.0,0.0,0.0,0.0,0.0,0.0,0.0,0.0,0.0,0.0,0.0,0.0,0.0,0.0,0.0,0.0,0.0,0.0,0.0,0.0,0.0,0.0,0.0,0.0,0.0,0.0,0.0,0.0,0.0,0.0,
4248,17.7695,NaN,NaN,NaN,NaN,NaN,NaN,16.5242,NaN,NaN,NaN,NaN,NaN,NaN,NaN,0.0,0.0,0.0,0.0,0.0,0.0,0.0,24.8025,0.0,0.0,0.0,0.0,0.0,0.0,0.0,0.0,0.0,0.0,0.0,0.0,0.0,0.0,3.623,0.0,0.0,0.0,0.0,0.0,0.0,0.0,0.0,0.0,0.0,0.0,0.0,0.0,0.0,0.0,0.0,0.0,0.0,0.0,0.0,0.0,0.0,0.0,0.0,0.0,0.0,0.0,0.0,0.0,0.0,0.0,0.0,0.0,0.0,0.0,0.0,0.0,0.0,0.0,0.0,0.0,0.0,0.0,0.0,0.0,0.0,0.0,0.0,0.0,0.0,0.0,0.0,13.891,0.0,0.0,0.0,0.0,0.0,0.0,0.0,0.0,0.0,0.0,0.0,0.0,0.0,0.0,0.0,0.0,0.0,0.0,0.0,0.0,0.0,0.0,0.0,0.0,0.0,0.0,0.0,0.0,0.0,21.648,0.0,0.0,0.0,0.0,0.0,0.0,14.696501,0.0,0.0,0.0,0.0,0.0,0.0,0.0,0.0,0.0,0.0,0.0,0.0,0.0,0.0,0.0,0.0,0.0,0.0,0.0,0.0,0.0,0.0,0.0,0.0,0.0,0.0,0.0,0.0,0.0,0.0,0.0,0.0,0.0,0.0,0.0,0.0,0.0,0.0,0.0,0.0,0.0,0.0,0.0,0.0,0.0,0.0,0.0,0.0,0.0,0.0,0.0,0.0,0.0,0.0,0.0,0.0,0.0,0.0,0.0,0.0,0.0,0.0,0.0,0.0,0.0,0.0,0.0,0.0,0.0,0.0,0.0,0.0,0.0,0.0,0.0,0.0,0.0,0.0,0.0,0.0,0.0,0.0,0.0,0.0,0.0,0.0,0.0,0.0,0.0,0.0,0.0,0.0,0.0,0.0,0.0,0.0,0.0,0.0,0.0,0.0,0.0,0.0,0.0,0.0,0.0,0.0,0.0,0.0,0.0,0.0,0.0,0.0,
4252,NaN,NaN,NaN,NaN,114.24,NaN,NaN,NaN,NaN,NaN,NaN,NaN,NaN,NaN,NaN,0.0,0.0,0.0,0.0,0.0,0.0,0.0,0.0,0.0,0.0,0.0,0.0,0.0,0.0,0.0,0.0,0.0,0.0,0.0,0.0,0.0,0.0,0.0,0.0,0.0,0.0,0.0,0.0,0.0,0.0,0.0,0.0,0.0,0.0,0.0,0.0,0.0,0.0,0.0,0.0,0.0,0.0,0.0,0.0,0.0,0.0,0.0,0.0,0.0,0.0,0.0,0.0,0.0,0.0,0.0,0.0,0.0,0.0,0.0,0.0,0.0,0.0,0.0,0.0,0.0,0.0,0.0,0.0,0.0,0.0,0.0,0.0,0.0,0.0,0.0,0.0,0.0,0.0,0.0,0.0,0.0,0.0,0.0,0.0,0.0,0.0,0.0,0.0,0.0,0.0,0.0,0.0,0.0,0.0,0.0,0.0,0.0,0.0,0.0,0.0,0.0,0.0,0.0,0.0,0.0,0.0,0.0,0.0,0.0,114.24,0.0,0.0,0.0,0.0,0.0,0.0,0.0,0.0,0.0,0.0,0.0,0.0,0.0,0.0,0.0,0.0,0.0,0.0,0.0,0.0,0.0,0.0,0.0,0.0,0.0,0.0,0.0,0.0,0.0,0.0,0.0,0.0,0.0,0.0,0.0,0.0,0.0,0.0,0.0,0.0,0.0,0.0,0.0,0.0,0.0,0.0,0.0,0.0,0.0,0.0,0.0,0.0,0.0,0.0,0.0,0.0,0.0,0.0,0.0,0.0,0.0,0.0,0.0,0.0,0.0,0.0,0.0,0.0,0.0,0.0,0.0,0.0,0.0,0.0,0.0,0.0,0.0,0.0,0.0,0.0,0.0,0.0,0.0,0.0,0.0,0.0,0.0,0.0,0.0,0.0,0.0,0.0,0.0,0.0,0.0,0.0,0.0,0.0,0.0,0.0,0.0,0.0,0.0,0.0,0.0,0.0,0.0,0.0,0.0,0.0,0.0,0.0,0.0,0.0,0.0,
4476,7.049,6.00509,2.6165001,NaN,5.7438574,3.7508888,4.169667,4.491706,6.216942,NaN,4.346625,NaN,16.694,NaN,NaN,0.0,0.0,0.0,0.0,0.0,0.0,3.785,0.0,0.0,0.0,0.0,0.0,0.0,0.0,0.0,0.0,2.196,2.8235,0.0,0.0,5.1689997,0.0,3.8112,4.8413334,0.0,1.988,0.0,0.0,0.0,0.0,0.0,5.336,0.0,0.0,3.975286,0.0,0.0,0.0,0.0,0.0,0.0,0.0,0.0,0.0,0.0,0.0,0.0,0.0,0.0,0.0,0.0,0.0,0.0,0.0,0.0,0.0,0.0,0.0,0.0,0.0,0.0,0.0,2.46125,0.0,0.0,3.70025,1.815,6.17675,5.55625,0.0,0.0,0.0,0.0,0.0,0.0,0.0,2.716,0.0,0.0,3.41075,0.0,0.0,2.22,0.0,0.0,0.0,0.0,0.0,0.0,0.0,7.049,6.686,0.0,0.0,10.658501,0.0,5.299,8.049,3.929,0.0,6.54,0.0,0.0,0.0,0.0,0.0,4.3929996,0.0,0.0,7.1985,2.8730001,3.997,3.178,3.68,0.0,0.0,0.0,16.694,0.0,0.0,0.0,7.6091666,0.0,0.0,7.26,0.0,4.086,7.398,10.3532505,0.0,7.382,0.0,0.0,0.0,0.0,0.0,0.0,0.0,0.0,0.0,0.0,0.0,0.0,0.0,0.0,0.0,0.0,0.0,0.0,0.0,0.0,11.5375,0.0,0.0,0.0,0.0,6.036,0.0,5.393,0.0,3.0515,0.0,0.0,0.0,0.0,0.0,0.0,0.0,0.0,0.0,0.0,0.0,0.0,0.0,0.0,6.657,0.0,0.0,0.0,0.0,0.0,0.0,0.0,0.0,0.0,0.0,0.0,5.091,0.0,0.0,0.0,0.0,0.0,0.0,0.0,0.0,0.0,0.0,0.0,0.0,0.0,0.0,0.0,0.0,0.0,0.0,0.0,0.0,0.0,0.0,0.0,0.0,0.0,0.0,0.0,0.0,0.0,0.0,0.0,0.0,0.0,0.0,0.0,0.0,0.0,
4704,15.649167,12.181834,9.495125,NaN,13.055,8.91,7.195,NaN,NaN,6.331571,9.7161255,NaN,9.5184,NaN,9.7375,0.0,0.0,11.029332,0.0,0.0,0.0,0.0,0.0,0.0,0.0,11.328,0.0,0.0,0.0,0.0,0.0,0.0,0.0,0.0,0.0,6.178,0.0,0.0,0.0,6.0394998,3.4785001,0.0,3.353,0.0,0.0,16.6716,19.12,0.0,0.0,12.249001,0.0,0.0,0.0,0.0,0.0,0.0,0.0,0.0,0.0,0.0,0.0,0.0,0.0,0.0,0.0,0.0,0.0,0.0,0.0,0.0,0.0,0.0,0.0,0.0,0.0,10.537,0.0,4.8925,0.0,0.0,0.0,0.0,0.0,0.0,0.0,0.0,0.0,0.0,0.0,0.0,0.0,6.712,0.0,0.0,14.667,0.0,0.0,0.0,0.0,0.0,0.0,0.0,0.0,0.0,0.0,0.0,0.0,0.0,0.0,0.0,0.0,0.0,0.0,0.0,0.0,0.0,0.0,0.0,0.0,0.0,0.0,0.0,0.0,0.0,0.0,0.0,0.0,0.0,0.0,0.0,0.0,0.0,0.0,0.0,0.0,0.0,0.0,0.0,0.0,0.0,0.0,0.0,0.0,0.0,0.0,0.0,0.0,0.0,0.0,0.0,0.0,12.409,0.0,0.0,0.0,0.0,0.0,0.0,0.0,3.8413997,0.0,0.0,9.341375,0.0,0.0,0.0,11.2205,0.0,0.0,0.0,0.0,7.195,0.0,0.0,0.0,20.689,0.0,17.1,0.0,9.7375,0.0,0.0,0.0,0.0,0.0,0.0,0.0,0.0,0.0,0.0,0.0,0.0,0.0,0.0,0.0,0.0,0.0,0.0,0.0,0.0,14.374,0.0,0.0,0.0,8.193715,16.8685,0.0,0.0,0.0,0.0,0.0,0.0,0.0,0.0,0.0,0.0,0.0,0.0,0.0,0.0,0.0,0.0,0.0,0.0,0.0,0.0,0.0,0.0,0.0,0.0,0.0,0.0,0.0,0.0,0.0,2.509,0.0,0.0,0.0,0.0,
4783,35.353,21.642,8.6108,NaN,106.861,NaN,1.86,NaN,NaN,NaN,NaN,NaN,NaN,NaN,NaN,44.066,0.0,1.867,0.0,0.0,0.0,0.0,0.0,0.0,0.0,0.0,0.0,0.0,0.0,0.0,0.0,15.295,13.878,0.0,0.0,0.0,0.0,0.0,0.0,0.0,0.0,0.0,0.0,0.0,0.0,0.0,24.8155,0.0,0.0,106.861,0.0,0.0,0.0,0.0,0.0,0.0,0.0,0.0,0.0,0.0,0.0,0.0,0.0,0.0,0.0,0.0,0.0,0.0,0.0,0.0,0.0,0.0,0.0,0.0,0.0,0.0,0.0,12.721,0.0,0.0,0.0,1.86,0.0,0.0,0.0,0.0,0.0,0.0,0.0,0.0,0.0,0.0,0.0,0.0,0.0,0.0,0.0,0.0,0.0,0.0,0.0,0.0,0.0,0.0,0.0,26.64,0.0,0.0,0.0,0.0,0.0,0.0,0.0,0.0,0.0,0.0,0.0,0.0,0.0,0.0,0.0,0.0,0.0,0.0,0.0,0.0,0.0,0.0,0.0,0.0,0.0,0.0,0.0,0.0,0.0,0.0,0.0,0.0,0.0,0.0,0.0,0.0,0.0,0.0,0.0,0.0,0.0,0.0,0.0,0.0,0.0,0.0,0.0,0.0,0.0,0.0,0.0,0.0,0.0,0.0,0.0,0.0,0.0,0.0,0.0,0.0,0.0,0.0,0.0,0.0,0.0,0.0,0.0,0.0,0.0,0.0,0.0,0.0,0.0,0.0,0.0,0.0,0.0,0.0,0.0,0.0,0.0,0.0,0.0,0.0,0.0,0.0,0.0,0.0,0.0,0.0,0.0,0.0,0.0,0.0,0.0,0.0,0.0,0.0,0.0,0.0,0.0,0.0,0.0,0.0,0.0,0.0,0.0,0.0,0.0,0.0,0.0,0.0,0.0,0.0,0.0,0.0,0.0,0.0,0.0,0.0,0.0,0.0,0.0,0.0,0.0,0.0,0.0,0.0,0.0,0.0,0.0,0.0,0.0,0.0,
4907,10.289666,18.440874,6.139428,NaN,12.627334,14.794,-11.605749,NaN,2.685,NaN,19.767668,NaN,NaN,NaN,NaN,12.6595,0.0,13.564501,0.0,0.0,0.0,0.0,0.0,0.0,0.0,0.0,0.0,0.0,0.0,0.0,0.0,12.7445,2.4995,0.0,15.622,0.0,7.426,0.0,0.0,0.0,0.0,0.0,0.0,0.0,0.0,5.55,19.323,0.0,0.0,13.741778,0.0,0.0,0.0,0.0,0.0,0.0,0.0,0.0,0.0,0.0,0.0,0.0,0.0,0.0,0.0,0.0,0.0,0.0,0.0,0.0,0.0,0.0,0.0,0.0,0.0,0.0,6.5865,5.3823996,0.0,0.0,0.0,6.517,0.0,2.685,0.0,19.707,0.0,0.0,0.0,0.0,0.0,0.0,0.0,0.0,17.36,14.794,0.0,0.0,0.0,0.0,0.0,0.0,0.0,0.0,0.0,0.0,35.109497,0.0,0.0,8.586333,0.0,-82.808,0.0,0.0,0.0,0.0,0.0,0.0,0.0,0.0,0.0,0.0,0.0,0.0,0.0,0.0,0.0,0.0,0.0,0.0,0.0,0.0,0.0,0.0,0.0,0.0,0.0,0.0,0.0,6.993,0.0,0.0,0.0,0.0,0.0,0.0,0.0,0.0,0.0,0.0,0.0,0.0,0.0,0.0,0.0,0.0,0.0,0.0,0.0,0.0,0.0,0.0,0.0,0.0,0.0,0.0,0.0,0.0,0.0,0.0,0.0,22.442,0.0,0.0,0.0,19.889,0.0,0.0,0.0,0.0,0.0,0.0,0.0,0.0,0.0,0.0,0.0,0.0,0.0,0.0,0.0,0.0,0.0,0.0,0.0,0.0,0.0,0.0,0.0,0.0,0.0,0.0,0.0,0.0,0.0,0.0,0.0,0.0,0.0,0.0,0.0,0.0,0.0,0.0,0.0,0.0,0.0,0.0,0.0,0.0,0.0,0.0,0.0,0.0,0.0,0.0,0.0,0.0,0.0,0.0,0.0,0.0,0.0,0.0,0.0,0.0,0.0,0.0,0.0,0.0,
4939,13.150499,10.969001,5.7331305,NaN,7.358774,6.304,23.797,NaN,NaN,11.657332,6.007765,NaN,NaN,NaN,20.7705,0.0,0.0,11.246,0.0,0.0,2.408,0.0,0.0,0.0,9.627,2.6543334,0.0,0.0,0.0,0.0,0.0,2.44,0.0,0.0,0.0,0.0,0.0,0.0,0.0,0.0,4.768,0.0,0.0,0.0,0.0,42.063,24.555,7.3955,0.0,6.6167774,0.0,0.0,0.0,0.0,0.0,0.0,0.0,0.0,0.0,0.0,0.0,0.0,0.0,0.0,0.0,0.0,0.0,0.0,0.0,0.0,0.0,0.0,0.0,0.0,0.0,0.0,0.0,5.2912498,0.0,2.278,0.0,23.797,0.0,0.0,15.718,8.207625,0.0,0.0,0.0,18.722,2.243,0.0,0.0,0.0,0.0,0.0,0.0,0.0,0.0,0.0,0.0,0.0,0.0,0.0,0.0,0.0,0.0,0.0,0.0,6.99075,0.0,0.0,0.0,0.0,0.0,0.0,0.0,0.0,0.0,0.0,0.0,0.0,0.0,0.0,0.0,0.0,0.0,0.0,0.0,0.0,0.0,0.0,0.0,0.0,0.0,0.0,0.0,0.0,0.0,10.267,0.0,0.0,0.0,0.0,0.0,0.0,0.0,0.0,0.0,0.0,5.6540003,0.0,0.0,0.0,8.604,0.0,0.0,0.0,0.0,0.0,0.0,0.0,0.0,0.0,0.0,12.397501,9.70475,0.0,0.0,9.984667,0.0,0.0,0.0,0.0,0.0,5.693,0.0,0.0,0.0,22.819,0.0,0.0,0.0,0.0,0.0,0.0,0.0,0.0,0.0,0.0,0.0,0.0,0.0,0.0,0.0,0.0,0.0,0.0,0.0,0.0,0.0,0.0,0.0,0.0,0.0,0.0,0.0,0.0,0.0,0.0,0.0,0.0,0.0,0.0,0.0,0.0,0.0,0.0,0.0,0.0,0.0,0.0,0.0,0.0,0.0,0.0,0.0,0.0,0.0,0.0,10.2,0.0,0.0,0.0,0.0,3.743,0.0,0.0,0.0,0.0,
4946,11.6525,12.445847,9.436556,NaN,9.7472315,5.8464284,4.6595,6.2495713,5.1744285,NaN,NaN,NaN,NaN,NaN,NaN,0.0,0.0,0.0,0.0,0.0,0.0,0.0,6.4695997,0.0,0.0,0.0,0.0,0.0,0.0,0.0,0.0,18.6476,7.292,0.0,0.0,5.3234,0.0,5.8372855,4.7755,0.0,0.0,0.0,0.0,0.0,0.0,0.0,0.0,0.0,0.0,11.739334,0.0,0.0,0.0,0.0,0.0,0.0,0.0,0.0,0.0,0.0,0.0,0.0,0.0,0.0,0.0,0.0,0.0,0.0,0.0,0.0,0.0,0.0,0.0,0.0,0.0,0.0,9.147,9.704625,0.0,0.0,0.0,3.8400002,7.1425,6.07,0.0,0.0,0.0,0.0,0.0,0.0,0.0,7.223333,0.0,0.0,5.104,0.0,7.118,0.0,0.0,0.0,0.0,0.0,0.0,0.0,0.0,0.0,0.0,0.0,0.0,8.409333,7.154,0.0,0.0,0.0,0.0,0.0,0.0,0.0,0.0,0.0,11.6525,10.011167,0.0,0.0,12.078,0.0,0.0,0.0,0.0,0.0,0.0,0.0,0.0,0.0,0.0,0.0,12.67909,0.0,0.0,8.764,0.0,0.0,0.0,9.066,0.0,0.0,0.0,0.0,0.0,0.0,0.0,0.0,0.0,0.0,0.0,0.0,0.0,0.0,0.0,0.0,0.0,0.0,0.0,0.0,0.0,0.0,0.0,0.0,0.0,0.0,0.0,0.0,0.0,0.0,0.0,0.0,0.0,0.0,0.0,0.0,0.0,0.0,0.0,0.0,0.0,0.0,0.0,0.0,0.0,0.0,0.0,0.0,0.0,0.0,0.0,0.0,0.0,0.0,0.0,0.0,0.0,0.0,0.0,0.0,0.0,0.0,0.0,0.0,0.0,0.0,0.0,0.0,0.0,0.0,0.0,0.0,0.0,0.0,0.0,0.0,0.0,0.0,0.0,0.0,0.0,0.0,0.0,0.0,0.0,0.0,0.0,0.0,0.0,0.0,0.0,0.0,0.0,0.0,0.0,0.0,
5031,NaN,14.347876,6.097865,15.581,9.584656,2.845,7.3133335,11.226,NaN,NaN,NaN,NaN,NaN,NaN,29.3745,0.0,0.0,0.0,0.0,0.0,0.0,0.0,0.0,0.0,0.0,0.0,0.0,0.0,0.0,0.0,0.0,4.999,7.2924995,0.0,0.0,0.0,1.844,0.0,0.0,0.0,0.0,0.0,0.0,0.0,0.0,0.0,16.3485,10.023001,15.581,7.4237385,0.0,13.741,0.0,0.0,0.0,0.0,0.0,0.0,0.0,36.498,0.0,0.0,0.0,0.0,0.0,2.845,0.0,0.0,0.0,0.0,0.0,0.0,0.0,0.0,0.0,0.0,0.0,5.438857,0.0,25.818,0.0,0.0,0.0,0.0,0.0,0.0,0.0,0.0,0.0,0.0,0.0,0.0,0.0,0.0,7.34,0.0,0.0,0.0,0.0,0.0,0.0,0.0,0.0,0.0,0.0,0.0,15.3445,9.532,0.0,18.512749,0.0,6.355,0.0,0.0,0.0,0.0,0.0,0.0,0.0,0.0,0.0,13.701,0.0,0.0,0.0,0.0,0.0,0.0,0.0,0.0,0.0,0.0,0.0,0.0,0.0,0.0,0.0,0.0,0.0,0.0,0.0,0.0,0.0,0.0,0.0,0.0,0.0,0.0,0.0,0.0,0.0,0.0,0.0,0.0,0.0,0.0,0.0,0.0,0.0,0.0,0.0,0.0,0.0,0.0,0.0,0.0,0.0,0.0,0.0,0.0,0.0,0.0,0.0,0.0,0.0,0.0,0.0,0.0,0.0,22.251,0.0,0.0,0.0,0.0,0.0,0.0,0.0,11.226,0.0,0.0,0.0,0.0,0.0,0.0,0.0,0.0,0.0,0.0,0.0,0.0,0.0,0.0,0.0,0.0,0.0,0.0,0.0,0.0,0.0,0.0,0.0,0.0,0.0,0.0,0.0,0.0,0.0,0.0,0.0,0.0,0.0,0.0,0.0,0.0,0.0,0.0,0.0,0.0,0.0,0.0,0.0,0.0,0.0,0.0,0.0,0.0,0.0,0.0,0.0,0.0,
5036,13.26225,47.665,4.1513906,NaN,8.590446,5.9379997,17.88,NaN,NaN,NaN,34.04,NaN,NaN,NaN,NaN,18.208,0.0,3.0679998,0.0,7.845,0.0,17.88,0.0,0.0,0.0,0.0,0.0,0.0,0.0,0.0,0.0,0.0,2.939,0.0,0.0,0.0,0.0,0.0,0.0,0.0,0.0,0.0,0.0,0.0,0.0,11.613667,47.665,2.192,0.0,7.954334,13.853,0.0,0.0,0.0,0.0,0.0,0.0,0.0,0.0,0.0,0.0,0.0,0.0,0.0,0.0,0.0,0.0,0.0,0.0,0.0,0.0,0.0,0.0,0.0,0.0,0.0,0.0,4.303306,0.0,26.093,3.95925,0.0,0.0,0.0,0.0,34.04,0.0,0.0,0.0,0.0,0.0,0.0,4.021,0.0,10.002,0.0,0.0,0.0,0.0,0.0,0.0,0.0,0.0,0.0,0.0,0.0,0.0,0.0,0.0,0.0,0.0,0.0,0.0,0.0,0.0,0.0,0.0,0.0,0.0,0.0,0.0,0.0,0.0,0.0,0.0,0.0,0.0,0.0,0.0,0.0,0.0,0.0,0.0,0.0,0.0,0.0,0.0,0.0,0.0,0.0,0.0,0.0,0.0,0.0,0.0,0.0,0.0,0.0,0.0,0.0,0.0,0.0,0.0,0.0,0.0,0.0,0.0,0.0,0.0,0.0,0.0,0.0,0.0,0.0,0.0,0.0,0.0,0.0,0.0,0.0,0.0,0.0,0.0,0.0,0.0,0.0,0.0,0.0,0.0,0.0,0.0,0.0,0.0,0.0,0.0,0.0,0.0,0.0,0.0,0.0,0.0,0.0,0.0,0.0,0.0,0.0,0.0,0.0,0.0,0.0,0.0,0.0,0.0,0.0,0.0,0.0,0.0,0.0,0.0,0.0,0.0,0.0,0.0,0.0,0.0,0.0,0.0,0.0,0.0,0.0,0.0,0.0,0.0,0.0,0.0,0.0,0.0,0.0,0.0,0.0,0.0,0.0,0.0,0.0,0.0,0.0,0.0,0.0,0.0,0.0,
5409,10.5485,19.407333,13.47925,NaN,24.115334,NaN,NaN,38.788,25.368,8.981667,NaN,NaN,36.362,NaN,NaN,5.941,0.0,20.5385,0.0,0.0,0.0,0.0,49.224,0.0,10.16,0.0,0.0,0.0,0.0,0.0,0.0,20.4995,0.0,0.0,0.0,0.0,0.0,0.0,25.368,0.0,0.0,0.0,0.0,0.0,0.0,16.196,0.0,0.0,0.0,11.902,0.0,0.0,0.0,0.0,0.0,0.0,0.0,0.0,0.0,0.0,0.0,0.0,0.0,0.0,0.0,0.0,0.0,0.0,0.0,0.0,0.0,0.0,0.0,0.0,0.0,16.983,0.0,6.42,0.0,0.0,0.0,0.0,28.352,0.0,0.0,0.0,0.0,0.0,0.0,0.0,4.571,0.0,0.0,0.0,7.789,0.0,0.0,0.0,0.0,0.0,0.0,0.0,0.0,0.0,0.0,0.0,0.0,0.0,0.0,0.0,0.0,0.0,0.0,0.0,0.0,0.0,0.0,0.0,0.0,0.0,4.642,0.0,0.0,0.0,0.0,0.0,0.0,0.0,0.0,0.0,0.0,0.0,0.0,0.0,0.0,0.0,17.223,0.0,0.0,0.0,0.0,0.0,0.0,0.0,0.0,0.0,0.0,0.0,0.0,0.0,14.958,0.0,0.0,0.0,0.0,0.0,0.0,0.0,0.0,0.0,0.0,0.0,36.362,0.0,0.0,0.0,0.0,0.0,0.0,52.655,0.0,0.0,0.0,0.0,0.0,0.0,0.0,0.0,0.0,0.0,0.0,0.0,0.0,0.0,0.0,0.0,0.0,0.0,0.0,0.0,0.0,0.0,0.0,0.0,0.0,0.0,0.0,0.0,0.0,0.0,0.0,0.0,0.0,0.0,6.625,0.0,0.0,0.0,0.0,0.0,0.0,0.0,0.0,0.0,0.0,0.0,0.0,0.0,0.0,0.0,0.0,0.0,0.0,0.0,0.0,0.0,0.0,0.0,0.0,0.0,0.0,0.0,0.0,0.0,0.0,0.0,0.0,0.0,0.0,0.0,
5428,9.220778,10.710751,9.710463,NaN,18.086668,6.412,9.538538,NaN,13.82675,NaN,NaN,NaN,NaN,NaN,NaN,3.065,0.0,3.4077501,0.0,0.0,0.0,8.92775,0.0,34.449,0.0,0.0,0.0,0.0,0.0,0.0,0.0,0.0,8.548,0.0,33.042,6.412,5.5959997,0.0,0.0,0.0,0.0,0.0,0.0,0.0,0.0,9.964251,12.696,4.799,0.0,17.741001,0.0,0.0,0.0,0.0,0.0,0.0,0.0,0.0,0.0,0.0,0.0,0.0,0.0,0.0,0.0,0.0,0.0,0.0,0.0,0.0,0.0,0.0,0.0,0.0,0.0,0.0,0.0,13.126999,0.0,0.0,0.0,0.0,0.0,0.0,0.0,0.0,0.0,0.0,0.0,0.0,0.0,10.332,20.496,0.0,0.0,0.0,0.0,0.0,0.0,0.0,0.0,0.0,0.0,0.0,0.0,9.194333,9.9075,0.0,0.0,4.514,0.0,9.9774,0.0,7.8405,0.0,0.0,0.0,0.0,0.0,0.0,0.0,0.0,0.0,0.0,0.0,0.0,0.0,0.0,0.0,0.0,0.0,0.0,0.0,0.0,0.0,12.482,0.0,0.0,0.0,0.0,0.0,13.605499,0.0,5.177,0.0,0.0,0.0,0.0,0.0,0.0,0.0,0.0,0.0,0.0,0.0,0.0,0.0,0.0,0.0,0.0,0.0,0.0,0.0,0.0,0.0,0.0,0.0,0.0,0.0,0.0,0.0,0.0,0.0,0.0,0.0,0.0,0.0,0.0,0.0,0.0,0.0,0.0,0.0,0.0,0.0,0.0,0.0,0.0,0.0,0.0,0.0,0.0,0.0,0.0,0.0,0.0,0.0,0.0,0.0,0.0,0.0,0.0,0.0,0.0,0.0,0.0,0.0,0.0,0.0,0.0,0.0,0.0,0.0,0.0,0.0,0.0,0.0,0.0,0.0,0.0,0.0,0.0,0.0,0.0,0.0,0.0,0.0,0.0,0.0,0.0,0.0,0.0,0.0,0.0,0.0,0.0,0.0,0.0,0.0,0.0,
5519,16.622427,53.552,8.858167,NaN,14.85815,NaN,26.024,NaN,NaN,NaN,NaN,NaN,NaN,NaN,NaN,0.0,0.0,9.285143,0.0,0.0,0.0,0.0,0.0,0.0,0.0,0.0,0.0,0.0,0.0,0.0,0.0,53.552,0.0,0.0,0.0,0.0,0.0,0.0,0.0,0.0,0.0,0.0,0.0,0.0,0.0,13.7918,0.0,1.486,0.0,13.0330715,0.0,0.0,0.0,0.0,0.0,0.0,0.0,0.0,0.0,0.0,0.0,0.0,0.0,0.0,0.0,0.0,0.0,0.0,0.0,0.0,0.0,0.0,0.0,0.0,0.0,0.0,0.0,9.132125,0.0,24.3735,0.0,49.862,0.0,0.0,0.0,0.0,0.0,0.0,0.0,0.0,23.699001,0.0,0.0,0.0,20.37,0.0,0.0,0.0,0.0,0.0,0.0,0.0,0.0,0.0,0.0,0.0,0.0,0.0,0.0,15.194333,0.0,2.186,0.0,0.0,0.0,0.0,0.0,0.0,0.0,0.0,0.0,0.0,0.0,0.0,0.0,0.0,0.0,0.0,0.0,0.0,0.0,0.0,0.0,0.0,0.0,0.0,0.0,0.0,0.0,0.0,0.0,0.0,0.0,0.0,0.0,0.0,0.0,0.0,0.0,0.0,0.0,0.0,0.0,0.0,0.0,0.0,0.0,0.0,0.0,0.0,0.0,0.0,0.0,0.0,0.0,0.0,0.0,0.0,0.0,0.0,0.0,0.0,0.0,0.0,0.0,0.0,0.0,0.0,0.0,0.0,0.0,0.0,0.0,0.0,0.0,0.0,0.0,0.0,0.0,0.0,0.0,0.0,0.0,0.0,0.0,0.0,0.0,0.0,0.0,0.0,0.0,0.0,0.0,0.0,0.0,0.0,0.0,0.0,0.0,0.0,0.0,0.0,0.0,0.0,0.0,0.0,0.0,0.0,0.0,0.0,0.0,0.0,0.0,0.0,0.0,0.0,0.0,0.0,0.0,0.0,0.0,0.0,0.0,0.0,0.0,0.0,0.0,0.0,0.0,0.0,
5719,16.145666,13.479,12.641,NaN,15.389733,8.132857,11.112801,63.44,NaN,2.698,4.9243336,NaN,NaN,NaN,NaN,0.0,0.0,0.0,0.0,0.0,0.0,0.0,0.0,0.0,0.0,4.9243336,0.0,0.0,0.0,0.0,0.0,6.8706665,0.0,0.0,0.0,0.0,2.346,0.0,0.0,2.698,0.0,0.0,0.0,0.0,0.0,0.0,0.0,0.0,0.0,0.0,0.0,0.0,0.0,0.0,0.0,0.0,0.0,0.0,0.0,0.0,0.0,0.0,0.0,0.0,0.0,0.0,0.0,0.0,0.0,0.0,0.0,0.0,0.0,0.0,0.0,0.0,0.0,12.641,0.0,8.1380005,13.66425,13.304501,0.0,0.0,0.0,0.0,0.0,0.0,0.0,0.0,0.0,32.61,0.0,0.0,64.0495,5.9202995,0.0,63.44,0.0,0.0,0.0,0.0,0.0,0.0,0.0,0.0,3.899,0.0,0.0,7.1223335,0.0,0.0,0.0,0.0,0.0,0.0,0.0,0.0,0.0,0.0,0.0,0.0,0.0,0.0,0.0,0.0,0.0,0.0,0.0,0.0,0.0,0.0,0.0,0.0,0.0,0.0,0.0,0.0,0.0,0.0,0.0,0.0,0.0,0.0,0.0,0.0,0.0,0.0,0.0,0.0,0.0,23.753,0.0,0.0,0.0,0.0,0.0,0.0,0.0,0.0,0.0,0.0,0.0,0.0,0.0,16.145666,0.0,0.0,0.0,0.0,0.0,0.0,0.0,0.0,0.0,0.0,0.0,0.0,0.0,0.0,0.0,0.0,0.0,0.0,0.0,0.0,0.0,0.0,0.0,0.0,0.0,0.0,0.0,0.0,0.0,0.0,0.0,0.0,0.0,0.0,0.0,0.0,0.0,0.0,0.0,0.0,0.0,0.0,0.0,0.0,0.0,0.0,0.0,0.0,0.0,0.0,0.0,0.0,0.0,0.0,0.0,0.0,0.0,0.0,0.0,0.0,0.0,0.0,0.0,0.0,0.0,0.0,0.0,0.0,0.0,0.0,0.0,0.0,0.0,0.0,
5911,14.0105,NaN,6.1119995,NaN,29.560001,NaN,NaN,NaN,NaN,NaN,NaN,34.587,NaN,4.335,36.269,5.695,0.0,7.5495,0.0,0.0,0.0,0.0,0.0,0.0,0.0,0.0,0.0,0.0,0.0,0.0,0.0,0.0,0.0,0.0,0.0,0.0,0.0,0.0,0.0,0.0,0.0,0.0,0.0,0.0,0.0,0.0,0.0,0.0,0.0,27.967001,0.0,0.0,0.0,0.0,0.0,0.0,34.587,0.0,0.0,0.0,0.0,0.0,0.0,0.0,0.0,0.0,0.0,0.0,0.0,0.0,0.0,0.0,0.0,0.0,0.0,0.0,0.0,3.237,0.0,11.9845,0.0,0.0,0.0,0.0,0.0,0.0,0.0,0.0,0.0,0.0,0.0,0.0,0.0,0.0,0.0,0.0,0.0,0.0,0.0,0.0,0.0,0.0,0.0,0.0,0.0,0.0,0.0,0.0,0.0,0.0,0.0,0.0,0.0,0.0,0.0,0.0,0.0,0.0,0.0,0.0,0.0,0.0,0.0,0.0,0.0,0.0,0.0,0.0,0.0,0.0,0.0,0.0,0.0,0.0,0.0,0.0,0.0,0.0,0.0,0.0,0.0,0.0,0.0,0.0,0.0,0.0,0.0,0.0,0.0,0.0,0.0,0.0,0.0,0.0,0.0,0.0,0.0,0.0,0.0,0.0,0.0,0.0,0.0,0.0,0.0,0.0,0.0,0.0,0.0,0.0,0.0,0.0,0.0,0.0,0.0,0.0,0.0,0.0,0.0,36.269,0.0,0.0,0.0,0.0,0.0,0.0,0.0,0.0,0.0,0.0,0.0,0.0,0.0,4.335,0.0,0.0,0.0,0.0,0.0,0.0,0.0,0.0,0.0,0.0,0.0,0.0,0.0,0.0,0.0,0.0,22.326,0.0,0.0,0.0,0.0,0.0,0.0,0.0,0.0,0.0,0.0,0.0,0.0,0.0,0.0,0.0,0.0,0.0,0.0,67.897,0.0,0.0,0.0,0.0,0.0,0.0,0.0,0.0,0.0,0.0,
6070,16.727333,22.218304,7.973399,NaN,21.159,6.259,NaN,NaN,NaN,5.2351813,-5.790563,NaN,11.862271,NaN,11.356999,7.416,0.0,25.901,0.0,0.0,0.0,0.0,0.0,0.0,0.0,0.0,0.0,0.0,0.0,0.0,0.0,18.486801,3.4915,0.0,0.0,0.0,0.0,0.0,0.0,0.0,-48.344,0.0,0.0,0.0,1.674,15.915,21.435,0.0,0.0,21.159,0.0,0.0,0.0,0.0,0.0,-83.486,0.0,0.0,0.0,0.0,0.0,0.0,0.0,0.0,0.0,0.0,0.0,0.0,0.0,0.0,0.0,0.0,0.0,0.0,0.0,0.0,0.0,0.0,0.0,0.0,0.0,0.0,0.0,0.0,0.0,0.0,0.0,18.889,0.0,0.0,0.0,0.0,0.0,0.0,0.0,0.0,0.0,0.0,0.0,0.0,0.0,0.0,17.798,0.0,0.0,0.0,0.0,0.0,0.0,0.0,0.0,0.0,0.0,0.0,0.0,0.0,0.0,0.0,0.0,0.0,0.0,0.0,0.0,0.0,0.0,0.0,0.0,0.0,0.0,0.0,0.0,0.0,0.0,0.0,0.0,0.0,0.0,0.0,0.0,0.0,0.0,0.0,0.0,0.0,0.0,0.0,0.0,0.0,0.0,0.0,0.0,14.826,0.0,0.0,0.0,0.0,0.0,0.0,0.0,0.0,0.0,0.0,6.397143,0.0,22.372,26.851,31.028997,0.0,0.0,0.0,0.0,0.0,0.0,0.0,0.0,9.940333,0.0,43.711,0.0,5.427857,0.0,0.0,0.0,0.0,0.0,0.0,0.0,0.0,0.0,0.0,0.0,0.0,0.0,0.0,0.0,0.0,0.0,0.0,0.0,0.0,0.0,0.0,0.0,0.0,4.8730993,15.394,0.0,5.307,0.0,0.0,0.0,0.0,0.0,0.0,0.0,0.0,0.0,0.0,0.0,0.0,0.0,0.0,0.0,0.0,0.0,0.0,4.998,0.0,0.0,0.0,6.259,0.0,0.0,0.0,8.856,4.7011113,0.0,0.0,0.0,25.935501,
610,5.3177056,5.655467,5.190706,NaN,5.2272606,6.1238003,1.944,5.946238,5.340533,5.3205004,3.695,NaN,NaN,NaN,NaN,0.0,0.0,8.837334,0.0,0.0,0.0,0.0,4.6665716,6.9536004,0.0,6.94,0.0,0.0,0.0,0.0,0.0,5.8687143,2.0444999,0.0,8.158,0.0,1.944,7.4700003,1.728,0.0,1.76,0.0,0.0,0.0,0.0,0.0,11.461,11.847,0.0,3.7411664,0.0,0.0,0.0,0.0,0.0,0.0,0.0,0.0,0.0,0.0,0.0,0.0,0.0,0.0,0.0,0.0,0.0,0.0,0.0,0.0,0.0,0.0,0.0,0.0,0.0,6.1029997,3.2549999,4.0577,0.0,0.0,7.6484995,0.0,7.157,5.2297497,0.0,6.564,0.0,0.0,0.0,0.0,0.0,0.0,0.0,0.0,2.2779999,0.0,0.0,5.122333,0.0,0.0,0.0,0.0,0.0,0.0,0.0,0.0,4.07,0.0,0.0,0.0,0.0,0.0,0.0,0.0,0.0,0.0,0.0,0.0,0.0,0.0,4.64,6.262,0.0,0.0,6.779,5.1073337,0.0,9.771,0.0,5.3205004,0.0,0.0,0.0,0.0,0.0,5.4518332,4.593,0.0,0.0,8.361,0.0,0.0,0.0,0.0,0.0,4.1984997,0.0,0.0,0.0,0.0,0.0,0.0,0.0,0.0,0.0,0.0,0.0,1.9785,0.0,0.0,0.0,0.0,0.0,0.0,0.0,6.5020003,0.0,5.217,0.0,8.838,0.0,0.0,0.0,1.774,0.0,1.9663334,0.0,0.0,0.0,0.0,0.0,0.0,0.0,0.0,0.0,0.0,0.0,0.0,0.0,0.0,0.0,0.0,0.0,0.0,0.0,0.0,0.0,0.0,0.0,0.0,0.0,0.0,0.0,0.0,0.0,0.0,0.0,0.0,0.0,0.0,0.0,0.0,0.0,0.0,0.0,0.0,0.0,0.0,0.0,0.0,0.0,0.0,0.0,0.0,0.0,0.0,0.0,0.0,0.0,0.0,0.0,0.0,0.0,0.0,0.0,0.0,0.0,0.0,0.0,0.0,
6110,21.044,NaN,10.13675,NaN,8.923231,16.8995,13.709499,6.6800003,NaN,10.2375,11.889999,NaN,11.935364,NaN,10.1415,21.044,0.0,0.0,0.0,0.0,0.0,0.0,0.0,0.0,0.0,6.122,0.0,0.0,0.0,0.0,0.0,0.0,0.0,0.0,0.0,0.0,0.0,0.0,0.0,0.0,0.0,0.0,7.712,0.0,0.0,0.0,0.0,0.0,0.0,8.6175,15.246,25.668,0.0,0.0,0.0,0.0,0.0,0.0,0.0,0.0,0.0,0.0,0.0,0.0,0.0,0.0,0.0,0.0,0.0,0.0,0.0,0.0,0.0,0.0,0.0,0.0,0.0,9.8317995,0.0,12.8055,0.0,1.751,0.0,0.0,0.0,0.0,0.0,0.0,0.0,0.0,0.0,0.0,3.907,0.0,5.626,18.553,0.0,0.0,0.0,0.0,0.0,0.0,30.025,0.0,0.0,0.0,0.0,0.0,0.0,10.797,0.0,0.0,0.0,0.0,0.0,0.0,0.0,0.0,0.0,0.0,0.0,0.0,0.0,0.0,5.028,0.0,0.0,0.0,0.0,0.0,0.0,0.0,4.764,0.0,0.0,0.0,0.0,0.0,0.0,0.0,0.0,0.0,0.0,0.0,0.0,0.0,0.0,0.0,0.0,0.0,0.0,0.0,0.0,0.0,0.0,0.0,0.0,0.0,0.0,11.5675,0.0,0.0,12.003428,0.0,0.0,0.0,0.0,0.0,0.0,0.0,0.0,0.0,0.0,0.0,0.0,0.0,0.0,0.0,0.0,10.1415,0.0,0.0,0.0,0.0,0.0,0.0,0.0,0.0,0.0,0.0,0.0,0.0,0.0,0.0,0.0,0.0,0.0,19.416,0.0,0.0,0.0,0.0,6.6800003,0.0,9.905,35.559,0.0,0.0,0.0,0.0,0.0,0.0,0.0,0.0,0.0,0.0,0.0,0.0,0.0,0.0,0.0,0.0,0.0,0.0,0.0,0.0,0.0,0.0,0.0,0.0,0.0,0.0,0.0,0.0,0.0,7.4147496,0.0,0.0,0.0,0.0,
6140,18.99725,NaN,11.511,NaN,1.7363334,NaN,NaN,NaN,NaN,NaN,NaN,NaN,NaN,15.830666,NaN,30.9725,0.0,0.0,0.0,0.0,0.0,0.0,0.0,0.0,0.0,0.0,0.0,0.0,0.0,0.0,0.0,0.0,0.0,0.0,0.0,0.0,0.0,0.0,0.0,0.0,0.0,0.0,0.0,0.0,0.0,12.227,0.0,0.0,0.0,3.972,0.0,0.0,0.0,0.0,0.0,0.0,0.0,0.0,0.0,0.0,0.0,0.0,0.0,0.0,0.0,0.0,0.0,0.0,0.0,0.0,0.0,0.0,0.0,0.0,0.0,1.817,0.0,0.0,0.0,1.2892001,0.0,0.0,0.0,0.0,0.0,0.0,0.0,0.0,0.0,0.0,0.0,0.0,11.511,0.0,0.0,0.0,0.0,0.0,0.0,0.0,0.0,0.0,0.0,0.0,0.0,0.0,0.0,0.0,0.0,0.0,0.0,0.0,0.0,0.0,0.0,0.0,0.0,0.0,0.0,0.0,0.0,0.0,0.0,0.0,0.0,0.0,0.0,0.0,0.0,0.0,0.0,0.0,0.0,0.0,0.0,0.0,0.0,0.0,0.0,0.0,0.0,0.0,0.0,0.0,0.0,0.0,0.0,0.0,0.0,0.0,0.0,0.0,0.0,0.0,0.0,0.0,0.0,0.0,0.0,0.0,0.0,0.0,0.0,0.0,0.0,0.0,0.0,0.0,0.0,0.0,0.0,0.0,0.0,0.0,0.0,0.0,0.0,0.0,0.0,0.0,0.0,0.0,0.0,0.0,0.0,0.0,0.0,0.0,0.0,0.0,0.0,0.0,0.0,0.0,0.0,0.0,0.0,0.0,0.0,0.0,0.0,0.0,0.0,0.0,0.0,0.0,0.0,0.0,0.0,0.0,0.0,0.0,0.0,0.0,0.0,0.0,0.0,0.0,0.0,0.0,0.0,0.0,0.0,15.830666,0.0,0.0,0.0,0.0,0.0,0.0,0.0,0.0,0.0,0.0,0.0,0.0,0.0,0.0,0.0,0.0,
6141,50.992,NaN,5.8188753,NaN,59.578003,NaN,NaN,NaN,NaN,NaN,NaN,NaN,NaN,NaN,NaN,0.0,0.0,6.236,0.0,0.0,0.0,0.0,0.0,0.0,0.0,0.0,0.0,0.0,0.0,0.0,0.0,0.0,0.0,0.0,0.0,0.0,0.0,0.0,0.0,0.0,0.0,0.0,0.0,0.0,0.0,50.992,0.0,3.214,0.0,59.578003,0.0,0.0,0.0,0.0,0.0,0.0,0.0,0.0,0.0,0.0,0.0,0.0,0.0,0.0,0.0,0.0,0.0,0.0,0.0,0.0,0.0,0.0,0.0,0.0,0.0,0.0,0.0,6.1835003,0.0,0.0,0.0,0.0,0.0,0.0,0.0,0.0,0.0,0.0,0.0,0.0,0.0,0.0,0.0,0.0,0.0,0.0,0.0,0.0,0.0,0.0,0.0,0.0,0.0,0.0,0.0,0.0,0.0,0.0,0.0,0.0,0.0,0.0,0.0,0.0,0.0,0.0,0.0,0.0,0.0,0.0,0.0,0.0,0.0,0.0,0.0,0.0,0.0,0.0,0.0,0.0,0.0,0.0,0.0,0.0,0.0,0.0,0.0,0.0,0.0,0.0,0.0,0.0,0.0,0.0,0.0,0.0,0.0,0.0,0.0,0.0,0.0,0.0,0.0,0.0,0.0,0.0,0.0,0.0,0.0,0.0,0.0,0.0,0.0,0.0,0.0,0.0,0.0,0.0,0.0,0.0,0.0,0.0,0.0,0.0,0.0,0.0,0.0,0.0,0.0,0.0,0.0,0.0,0.0,0.0,0.0,0.0,0.0,0.0,0.0,0.0,0.0,0.0,0.0,0.0,0.0,0.0,0.0,0.0,0.0,0.0,0.0,0.0,0.0,0.0,0.0,0.0,0.0,0.0,0.0,0.0,0.0,0.0,0.0,0.0,0.0,0.0,0.0,0.0,0.0,0.0,0.0,0.0,0.0,0.0,0.0,0.0,0.0,0.0,0.0,0.0,0.0,0.0,0.0,0.0,0.0,0.0,0.0,0.0,0.0,0.0,
6339,NaN,NaN,1.895,NaN,NaN,NaN,NaN,NaN,NaN,102.621,NaN,NaN,NaN,NaN,NaN,0.0,0.0,0.0,0.0,0.0,0.0,0.0,0.0,0.0,0.0,0.0,0.0,0.0,0.0,0.0,0.0,0.0,0.0,0.0,0.0,0.0,0.0,0.0,0.0,0.0,0.0,0.0,0.0,0.0,0.0,0.0,0.0,0.0,0.0,0.0,0.0,0.0,0.0,0.0,0.0,0.0,0.0,0.0,0.0,0.0,0.0,0.0,0.0,0.0,0.0,0.0,0.0,0.0,0.0,0.0,0.0,0.0,0.0,0.0,0.0,0.0,0.0,1.895,0.0,0.0,0.0,0.0,0.0,0.0,0.0,0.0,0.0,0.0,0.0,0.0,0.0,0.0,0.0,0.0,0.0,0.0,0.0,0.0,0.0,0.0,0.0,0.0,0.0,0.0,0.0,0.0,0.0,0.0,0.0,0.0,0.0,0.0,0.0,0.0,0.0,0.0,0.0,0.0,0.0,0.0,0.0,0.0,0.0,0.0,0.0,0.0,0.0,0.0,0.0,0.0,0.0,0.0,0.0,0.0,0.0,0.0,0.0,0.0,0.0,0.0,0.0,0.0,0.0,0.0,0.0,0.0,0.0,0.0,0.0,0.0,0.0,0.0,0.0,0.0,0.0,0.0,0.0,0.0,0.0,102.621,0.0,0.0,0.0,0.0,0.0,0.0,0.0,0.0,0.0,0.0,0.0,0.0,0.0,0.0,0.0,0.0,0.0,0.0,0.0,0.0,0.0,0.0,0.0,0.0,0.0,0.0,0.0,0.0,0.0,0.0,0.0,0.0,0.0,0.0,0.0,0.0,0.0,0.0,0.0,0.0,0.0,0.0,0.0,0.0,0.0,0.0,0.0,0.0,0.0,0.0,0.0,0.0,0.0,0.0,0.0,0.0,0.0,0.0,0.0,0.0,0.0,0.0,0.0,0.0,0.0,0.0,0.0,0.0,0.0,0.0,0.0,0.0,0.0,0.0,0.0,0.0,0.0,0.0,0.0,0.0,
6513,9.798,NaN,4.5753336,NaN,9.025313,10.575001,4.84225,NaN,NaN,NaN,-34.209,NaN,NaN,NaN,NaN,0.0,0.0,5.846334,0.0,0.0,0.0,0.0,0.0,0.0,0.0,0.0,0.0,0.0,0.0,0.0,0.0,0.0,0.0,0.0,0.0,0.0,0.0,0.0,0.0,0.0,0.0,0.0,0.0,0.0,0.0,9.798,0.0,0.0,0.0,8.190166,0.0,0.0,0.0,0.0,0.0,0.0,0.0,0.0,0.0,0.0,0.0,0.0,0.0,0.0,0.0,0.0,0.0,0.0,0.0,0.0,0.0,0.0,0.0,0.0,0.0,0.0,0.0,4.393762,0.0,5.349,10.575001,4.84225,0.0,0.0,0.0,-34.209,0.0,0.0,0.0,0.0,0.0,0.0,0.0,0.0,11.6482,0.0,0.0,0.0,0.0,0.0,0.0,0.0,0.0,0.0,0.0,0.0,0.0,0.0,0.0,9.444857,0.0,0.0,0.0,0.0,0.0,0.0,0.0,0.0,0.0,0.0,0.0,0.0,0.0,0.0,0.0,0.0,0.0,0.0,0.0,0.0,0.0,0.0,0.0,0.0,0.0,0.0,0.0,0.0,0.0,0.0,0.0,0.0,0.0,0.0,0.0,0.0,0.0,0.0,0.0,0.0,0.0,0.0,0.0,0.0,0.0,0.0,0.0,0.0,0.0,0.0,0.0,0.0,0.0,0.0,0.0,0.0,0.0,0.0,0.0,11.683,0.0,0.0,0.0,0.0,0.0,0.0,0.0,0.0,0.0,0.0,0.0,0.0,0.0,0.0,0.0,0.0,0.0,0.0,0.0,0.0,0.0,0.0,0.0,0.0,0.0,0.0,0.0,0.0,0.0,0.0,0.0,0.0,0.0,0.0,0.0,0.0,0.0,0.0,0.0,0.0,0.0,0.0,0.0,0.0,0.0,0.0,0.0,0.0,0.0,0.0,0.0,0.0,0.0,0.0,0.0,0.0,0.0,0.0,0.0,0.0,0.0,0.0,0.0,0.0,0.0,0.0,0.0,0.0,0.0,0.0,
6514,14.972554,21.062,NaN,NaN,25.819,NaN,12.584,3.475154,9.375,13.2438,40.517,NaN,NaN,NaN,NaN,5.5924997,0.0,0.0,0.0,0.0,0.0,12.584,9.5875,6.491,4.1915,0.0,0.0,0.0,0.0,0.0,0.0,21.132666,0.0,0.0,0.0,0.0,0.0,0.0,0.0,0.0,0.0,0.0,0.0,0.0,0.0,0.0,0.0,0.0,0.0,0.0,0.0,0.0,0.0,0.0,0.0,0.0,0.0,0.0,0.0,0.0,0.0,0.0,0.0,0.0,0.0,0.0,0.0,0.0,0.0,0.0,0.0,0.0,0.0,0.0,0.0,0.0,0.0,0.0,0.0,0.0,0.0,0.0,0.0,10.274,0.0,0.0,0.0,0.0,0.0,0.0,0.0,15.834,0.0,0.0,0.0,0.0,0.0,0.0,0.0,0.0,0.0,0.0,0.0,0.0,0.0,41.098,0.0,0.0,0.0,0.0,0.0,0.0,0.0,0.0,0.0,0.0,0.0,0.0,0.0,0.0,11.484,0.0,0.0,0.0,0.0,0.0,0.0,2.3638182,0.0,0.0,0.0,0.0,0.0,0.0,0.0,0.0,26.078,0.0,0.0,25.819,0.0,0.0,0.0,0.0,0.0,40.517,0.0,0.0,0.0,0.0,18.267,0.0,0.0,0.0,0.0,0.0,0.0,0.0,0.0,8.1475,0.0,0.0,0.0,0.0,0.0,0.0,0.0,0.0,0.0,0.0,0.0,0.0,0.0,0.0,41.541,0.0,0.0,0.0,0.0,0.0,0.0,0.0,0.0,0.0,0.0,0.0,0.0,0.0,11.36,0.0,0.0,0.0,0.0,0.0,0.0,0.0,0.0,0.0,0.0,0.0,0.0,0.0,0.0,0.0,0.0,0.0,0.0,0.0,0.0,0.0,0.0,0.0,0.0,0.0,0.0,0.0,0.0,0.0,0.0,0.0,0.0,0.0,0.0,0.0,0.0,0.0,0.0,0.0,0.0,0.0,0.0,0.0,0.0,0.0,0.0,0.0,0.0,0.0,0.0,0.0,
6866,29.85375,25.421,8.281714,NaN,36.586998,NaN,NaN,NaN,NaN,NaN,NaN,NaN,NaN,NaN,NaN,0.0,0.0,3.934,0.0,51.61,0.0,0.0,0.0,0.0,0.0,0.0,0.0,0.0,0.0,0.0,0.0,25.421,0.0,0.0,0.0,0.0,0.0,0.0,0.0,0.0,0.0,0.0,0.0,0.0,0.0,29.85375,0.0,5.7035,0.0,21.564,0.0,0.0,0.0,0.0,0.0,0.0,0.0,0.0,0.0,0.0,0.0,0.0,0.0,0.0,0.0,0.0,0.0,0.0,0.0,0.0,0.0,0.0,0.0,0.0,0.0,0.0,0.0,17.3815,0.0,0.0,0.0,0.0,0.0,0.0,0.0,0.0,0.0,0.0,0.0,0.0,0.0,0.0,0.0,0.0,0.0,0.0,0.0,0.0,0.0,0.0,0.0,0.0,0.0,0.0,0.0,0.0,0.0,0.0,0.0,0.0,0.0,0.0,0.0,0.0,0.0,0.0,0.0,0.0,0.0,0.0,0.0,0.0,0.0,0.0,0.0,0.0,0.0,0.0,0.0,0.0,0.0,0.0,0.0,0.0,0.0,0.0,0.0,0.0,0.0,0.0,0.0,0.0,0.0,0.0,0.0,0.0,0.0,0.0,0.0,0.0,0.0,0.0,0.0,0.0,0.0,0.0,0.0,0.0,0.0,0.0,0.0,0.0,0.0,0.0,0.0,0.0,0.0,0.0,0.0,0.0,0.0,0.0,0.0,0.0,0.0,0.0,0.0,0.0,0.0,0.0,0.0,0.0,0.0,0.0,0.0,0.0,0.0,0.0,0.0,0.0,0.0,0.0,0.0,0.0,0.0,0.0,0.0,0.0,0.0,0.0,0.0,0.0,0.0,0.0,0.0,0.0,0.0,0.0,0.0,0.0,0.0,0.0,0.0,0.0,0.0,0.0,0.0,0.0,0.0,0.0,0.0,0.0,0.0,0.0,0.0,0.0,0.0,0.0,0.0,0.0,0.0,0.0,0.0,0.0,0.0,0.0,0.0,0.0,0.0,0.0,
6867,14.965165,25.175999,6.071375,NaN,15.994112,12.433333,7.6126,NaN,NaN,7.22,9.225599,7.242,NaN,NaN,NaN,0.0,0.0,7.059,0.0,8.585,0.0,3.01,0.0,0.0,0.0,14.992,7.242,0.0,0.0,0.0,0.0,0.0,0.0,0.0,0.0,0.0,0.0,0.0,0.0,7.22,6.4174995,0.0,0.0,0.0,0.0,7.054,0.0,0.0,0.0,21.812334,13.635,0.0,0.0,0.0,0.0,0.0,0.0,0.0,0.0,0.0,0.0,0.0,0.0,0.0,0.0,0.0,0.0,0.0,0.0,0.0,0.0,0.0,0.0,0.0,0.0,10.824,0.0,5.179333,0.0,6.355,11.8325,0.0,0.0,0.0,0.0,0.0,0.0,0.0,0.0,0.0,0.0,0.0,0.0,0.0,20.453,0.0,14.245,0.0,0.0,0.0,0.0,0.0,0.0,0.0,0.0,19.721,0.0,10.436,0.0,8.46,0.0,6.9360003,0.0,0.0,0.0,0.0,0.0,0.0,0.0,0.0,0.0,0.0,0.0,0.0,0.0,0.0,0.0,0.0,0.0,0.0,0.0,0.0,0.0,0.0,0.0,0.0,0.0,0.0,0.0,0.0,0.0,0.0,0.0,0.0,0.0,0.0,0.0,0.0,0.0,0.0,0.0,11.9235,0.0,0.0,28.302,0.0,0.0,0.0,0.0,0.0,0.0,0.0,0.0,0.0,0.0,17.397333,38.428497,0.0,0.0,0.0,0.0,0.0,0.0,0.0,0.0,0.0,0.0,0.0,0.0,0.0,0.0,0.0,0.0,0.0,0.0,0.0,0.0,0.0,0.0,0.0,3.309,0.0,0.0,0.0,0.0,0.0,0.0,0.0,0.0,0.0,0.0,0.0,0.0,0.0,0.0,0.0,0.0,0.0,0.0,0.0,0.0,0.0,0.0,0.0,0.0,0.0,0.0,0.0,0.0,0.0,0.0,0.0,0.0,0.0,0.0,0.0,0.0,0.0,0.0,0.0,0.0,0.0,0.0,0.0,0.0,0.0,0.0,0.0,0.0,0.0,
6917,36.7525,NaN,18.777601,NaN,19.1088,NaN,22.04,NaN,NaN,NaN,NaN,NaN,NaN,NaN,NaN,52.559,0.0,16.9195,0.0,0.0,0.0,0.0,0.0,0.0,0.0,0.0,0.0,0.0,0.0,0.0,0.0,0.0,0.0,0.0,0.0,0.0,0.0,0.0,0.0,0.0,0.0,0.0,0.0,0.0,0.0,0.0,0.0,43.896,0.0,19.1088,0.0,0.0,0.0,0.0,0.0,0.0,0.0,0.0,0.0,0.0,0.0,0.0,0.0,0.0,0.0,0.0,0.0,0.0,0.0,0.0,0.0,0.0,0.0,0.0,0.0,0.0,0.0,11.024167,0.0,0.0,0.0,22.04,0.0,0.0,0.0,0.0,0.0,0.0,0.0,0.0,0.0,0.0,0.0,0.0,0.0,0.0,0.0,0.0,0.0,0.0,0.0,0.0,0.0,0.0,0.0,20.946,0.0,0.0,0.0,0.0,0.0,0.0,0.0,0.0,0.0,0.0,0.0,0.0,0.0,0.0,0.0,0.0,0.0,0.0,0.0,0.0,0.0,0.0,0.0,0.0,0.0,0.0,0.0,0.0,0.0,0.0,0.0,0.0,0.0,0.0,0.0,0.0,0.0,0.0,0.0,0.0,0.0,0.0,0.0,0.0,0.0,0.0,0.0,0.0,0.0,0.0,0.0,0.0,0.0,0.0,0.0,0.0,0.0,0.0,0.0,0.0,0.0,0.0,0.0,0.0,0.0,0.0,0.0,0.0,0.0,0.0,0.0,0.0,0.0,0.0,0.0,0.0,0.0,0.0,0.0,0.0,0.0,0.0,0.0,0.0,0.0,0.0,0.0,0.0,0.0,0.0,0.0,0.0,0.0,0.0,0.0,0.0,0.0,0.0,0.0,0.0,0.0,0.0,0.0,0.0,0.0,0.0,0.0,0.0,0.0,0.0,0.0,0.0,0.0,0.0,0.0,0.0,0.0,0.0,0.0,0.0,0.0,0.0,0.0,0.0,0.0,0.0,0.0,0.0,0.0,0.0,0.0,0.0,0.0,0.0,
6975,24.05825,NaN,33.439,NaN,5.898,NaN,NaN,NaN,NaN,NaN,NaN,NaN,NaN,NaN,NaN,39.4285,0.0,0.0,0.0,5.898,0.0,0.0,0.0,0.0,0.0,0.0,0.0,0.0,0.0,0.0,0.0,0.0,0.0,0.0,0.0,0.0,0.0,0.0,0.0,0.0,0.0,0.0,0.0,0.0,0.0,8.688,0.0,28.954,0.0,0.0,0.0,0.0,0.0,0.0,0.0,0.0,0.0,0.0,0.0,0.0,0.0,0.0,0.0,0.0,0.0,0.0,0.0,0.0,0.0,0.0,0.0,0.0,0.0,0.0,0.0,0.0,0.0,35.6815,0.0,0.0,0.0,0.0,0.0,0.0,0.0,0.0,0.0,0.0,0.0,0.0,0.0,0.0,0.0,0.0,0.0,0.0,0.0,0.0,0.0,0.0,0.0,0.0,0.0,0.0,0.0,0.0,0.0,0.0,0.0,0.0,0.0,0.0,0.0,0.0,0.0,0.0,0.0,0.0,0.0,0.0,0.0,0.0,0.0,0.0,0.0,0.0,0.0,0.0,0.0,0.0,0.0,0.0,0.0,0.0,0.0,0.0,0.0,0.0,0.0,0.0,0.0,0.0,0.0,0.0,0.0,0.0,0.0,0.0,0.0,0.0,0.0,0.0,0.0,0.0,0.0,0.0,0.0,0.0,0.0,0.0,0.0,0.0,0.0,0.0,0.0,0.0,0.0,0.0,0.0,0.0,0.0,0.0,0.0,0.0,0.0,0.0,0.0,0.0,0.0,0.0,0.0,0.0,0.0,0.0,0.0,0.0,0.0,0.0,0.0,0.0,0.0,0.0,0.0,0.0,0.0,0.0,0.0,0.0,0.0,0.0,0.0,0.0,0.0,0.0,0.0,0.0,0.0,0.0,0.0,0.0,0.0,0.0,0.0,0.0,0.0,0.0,0.0,0.0,0.0,0.0,0.0,0.0,0.0,0.0,0.0,0.0,0.0,0.0,0.0,0.0,0.0,0.0,0.0,0.0,0.0,0.0,0.0,0.0,0.0,0.0,
6977,8.987333,NaN,16.7565,NaN,36.496,NaN,NaN,NaN,NaN,NaN,NaN,NaN,NaN,NaN,NaN,2.375,0.0,12.731,0.0,0.0,0.0,0.0,0.0,0.0,0.0,0.0,0.0,0.0,0.0,0.0,0.0,0.0,0.0,0.0,0.0,0.0,0.0,0.0,0.0,0.0,0.0,0.0,0.0,0.0,0.0,22.212,0.0,0.0,0.0,36.496,0.0,0.0,0.0,0.0,0.0,0.0,0.0,0.0,0.0,0.0,0.0,0.0,0.0,0.0,0.0,0.0,0.0,0.0,0.0,0.0,0.0,0.0,0.0,0.0,0.0,0.0,0.0,0.0,0.0,0.0,0.0,0.0,0.0,0.0,0.0,0.0,0.0,0.0,0.0,0.0,0.0,0.0,20.782,0.0,0.0,0.0,0.0,0.0,0.0,0.0,0.0,0.0,0.0,0.0,0.0,0.0,0.0,0.0,0.0,0.0,0.0,0.0,0.0,0.0,0.0,0.0,0.0,0.0,0.0,0.0,0.0,0.0,0.0,0.0,0.0,0.0,0.0,0.0,0.0,0.0,0.0,0.0,0.0,0.0,0.0,0.0,0.0,0.0,0.0,0.0,0.0,0.0,0.0,0.0,0.0,0.0,0.0,0.0,0.0,0.0,0.0,0.0,0.0,0.0,0.0,0.0,0.0,0.0,0.0,0.0,0.0,0.0,0.0,0.0,0.0,0.0,0.0,0.0,0.0,0.0,0.0,0.0,0.0,0.0,0.0,0.0,0.0,0.0,0.0,0.0,0.0,0.0,0.0,0.0,0.0,0.0,0.0,0.0,0.0,0.0,0.0,0.0,0.0,0.0,0.0,0.0,0.0,0.0,0.0,0.0,0.0,0.0,0.0,0.0,0.0,0.0,0.0,0.0,0.0,0.0,0.0,0.0,0.0,0.0,0.0,0.0,0.0,0.0,0.0,0.0,0.0,0.0,0.0,0.0,0.0,0.0,0.0,0.0,0.0,0.0,0.0,0.0,0.0,0.0,0.0,0.0,0.0,0.0,0.0,0.0,
7052,53.766,NaN,NaN,NaN,NaN,NaN,NaN,NaN,NaN,NaN,NaN,NaN,NaN,NaN,NaN,0.0,0.0,0.0,0.0,0.0,0.0,0.0,0.0,0.0,0.0,0.0,0.0,0.0,0.0,0.0,0.0,0.0,0.0,0.0,0.0,0.0,0.0,0.0,0.0,0.0,0.0,0.0,0.0,0.0,0.0,0.0,0.0,0.0,0.0,0.0,0.0,0.0,0.0,0.0,0.0,0.0,0.0,0.0,0.0,0.0,0.0,0.0,0.0,0.0,0.0,0.0,0.0,0.0,0.0,0.0,0.0,0.0,0.0,0.0,0.0,53.766,0.0,0.0,0.0,0.0,0.0,0.0,0.0,0.0,0.0,0.0,0.0,0.0,0.0,0.0,0.0,0.0,0.0,0.0,0.0,0.0,0.0,0.0,0.0,0.0,0.0,0.0,0.0,0.0,0.0,0.0,0.0,0.0,0.0,0.0,0.0,0.0,0.0,0.0,0.0,0.0,0.0,0.0,0.0,0.0,0.0,0.0,0.0,0.0,0.0,0.0,0.0,0.0,0.0,0.0,0.0,0.0,0.0,0.0,0.0,0.0,0.0,0.0,0.0,0.0,0.0,0.0,0.0,0.0,0.0,0.0,0.0,0.0,0.0,0.0,0.0,0.0,0.0,0.0,0.0,0.0,0.0,0.0,0.0,0.0,0.0,0.0,0.0,0.0,0.0,0.0,0.0,0.0,0.0,0.0,0.0,0.0,0.0,0.0,0.0,0.0,0.0,0.0,0.0,0.0,0.0,0.0,0.0,0.0,0.0,0.0,0.0,0.0,0.0,0.0,0.0,0.0,0.0,0.0,0.0,0.0,0.0,0.0,0.0,0.0,0.0,0.0,0.0,0.0,0.0,0.0,0.0,0.0,0.0,0.0,0.0,0.0,0.0,0.0,0.0,0.0,0.0,0.0,0.0,0.0,0.0,0.0,0.0,0.0,0.0,0.0,0.0,0.0,0.0,0.0,0.0,0.0,0.0,0.0,0.0,0.0,0.0,0.0,0.0,0.0,
7267,9.384667,8.2128,6.6472316,NaN,9.301963,13.519,6.9666,NaN,3.439,7.152818,10.542,NaN,NaN,NaN,NaN,0.0,0.0,3.5630002,0.0,0.0,9.28,8.413,0.0,0.0,3.1519997,0.0,0.0,0.0,0.0,0.0,0.0,5.532,0.0,0.0,8.156,0.0,6.533,0.0,3.439,0.0,0.0,0.0,0.0,0.0,0.0,9.4800005,3.139,0.0,0.0,10.250626,0.0,4.3,0.0,0.0,0.0,0.0,0.0,0.0,0.0,0.0,0.0,0.0,0.0,0.0,0.0,0.0,0.0,0.0,0.0,0.0,0.0,0.0,0.0,0.0,0.0,0.0,4.0205,6.4404545,0.0,1.338,0.0,7.7935,0.0,0.0,0.0,0.0,0.0,0.0,0.0,0.0,6.952,0.0,0.0,0.0,0.0,15.6385,0.0,0.0,0.0,8.046,0.0,0.0,0.0,0.0,0.0,0.0,24.352,17.108,0.0,7.9191666,0.0,0.0,0.0,0.0,0.0,0.0,0.0,0.0,0.0,0.0,0.0,0.0,0.0,0.0,0.0,0.0,0.0,0.0,0.0,0.0,0.0,0.0,0.0,0.0,0.0,0.0,0.0,0.0,0.0,6.859,0.0,0.0,0.0,0.0,0.0,0.0,0.0,0.0,0.0,0.0,10.458,0.0,0.0,0.0,15.119,0.0,0.0,0.0,0.0,9.2235,10.542,0.0,0.0,0.0,0.0,0.0,0.0,6.904,0.0,0.0,0.0,0.0,0.0,0.0,5.838,0.0,0.0,0.0,0.0,0.0,0.0,0.0,0.0,0.0,0.0,0.0,0.0,0.0,0.0,0.0,0.0,0.0,0.0,0.0,0.0,0.0,0.0,0.0,0.0,0.0,0.0,0.0,0.0,0.0,0.0,0.0,0.0,0.0,0.0,0.0,0.0,0.0,0.0,0.0,0.0,0.0,0.0,0.0,0.0,0.0,0.0,0.0,0.0,0.0,0.0,0.0,0.0,0.0,0.0,0.0,0.0,0.0,0.0,0.0,0.0,0.0,0.0,0.0,0.0,0.0,
781,12.038,NaN,NaN,NaN,16.056221,6.3554,NaN,NaN,NaN,7.8854294,NaN,NaN,NaN,NaN,NaN,0.0,0.0,0.0,0.0,15.215,0.0,0.0,0.0,0.0,14.6875,0.0,0.0,0.0,0.0,0.0,0.0,0.0,0.0,0.0,0.0,0.0,0.0,0.0,0.0,0.0,0.0,0.0,0.0,0.0,0.0,0.0,0.0,0.0,0.0,0.0,0.0,0.0,0.0,0.0,0.0,0.0,0.0,0.0,0.0,0.0,0.0,0.0,0.0,0.0,0.0,0.0,0.0,0.0,0.0,0.0,0.0,0.0,0.0,0.0,0.0,0.0,0.0,0.0,0.0,28.908,5.662,0.0,0.0,0.0,10.453501,0.0,0.0,0.0,0.0,0.0,0.0,0.0,0.0,0.0,14.340429,9.129,0.0,0.0,0.0,0.0,0.0,0.0,0.0,0.0,0.0,0.0,0.0,0.0,0.0,0.0,0.0,0.0,0.0,0.0,0.0,0.0,0.0,0.0,0.0,0.0,0.0,0.0,0.0,0.0,0.0,0.0,0.0,0.0,0.0,0.0,0.0,0.0,0.0,0.0,0.0,0.0,0.0,0.0,0.0,0.0,0.0,0.0,0.0,0.0,0.0,0.0,0.0,0.0,0.0,0.0,12.038,0.0,0.0,0.0,0.0,0.0,0.0,0.0,0.0,1.6386666,0.0,0.0,0.0,0.0,0.0,0.0,0.0,0.0,0.0,0.0,0.0,0.0,0.0,0.0,0.0,0.0,0.0,0.0,0.0,0.0,0.0,0.0,0.0,0.0,0.0,0.0,0.0,0.0,0.0,0.0,0.0,0.0,0.0,0.0,0.0,0.0,0.0,0.0,0.0,0.0,0.0,0.0,0.0,0.0,0.0,0.0,0.0,0.0,0.0,0.0,0.0,0.0,0.0,0.0,0.0,0.0,0.0,0.0,0.0,0.0,0.0,0.0,0.0,0.0,0.0,0.0,0.0,0.0,0.0,0.0,0.0,0.0,0.0,0.0,0.0,0.0,0.0,0.0,0.0,0.0,